"","Pathway total","Hits.total","Hits.sig","Expected","P(Fisher)","P(EASE)","P(Gamma)","Emp.Hits","Empirical","AdjP.Fisher","AdjP.EASE","AdjP.Gamma","Pathway Number","cpd.hits"
"Steroid hormone biosynthesis","87","43","28","2.9276","1.5258e-20","2.2341e-19","0.0022468","0","0","1.06806e-19","1.56387e-18","0.0157276","P1","C05139;C01780;C05473;C00735;C05284;C00762;C05469;C00468;C00951;C05141;C05298;C05299;C05302;C05301;C01124;C05290;C05297;C05294;C05295;C05140;C05490;C18075;C05285;C11136;C11135;C05300;C11134;C18045"
"Retinol metabolism","17","8","3","0.57206","0.044303","0.20187","0.0042878","0","0","0.265818","1","0.0257268","P2","C16677;C16679;C16680"
"Steroid biosynthesis","41","5","2","1.3797","0.091447","0.42795","0.0092657","1","0.01","0.457235","1","0.0463285","P3","C05107;C01673;C22136;C07712"
"Arachidonic acid metabolism","44","23","4","1.4806","0.22522","0.44388","0.0098086","0","0","0.90088","1","0.0463285","P4","C00427;C00696;C00584;C04853;C01312;C02198;C05960;C04671;C05949"
"Primary bile acid biosynthesis","46","17","3","1.5479","0.27127","0.55097","0.014566","3","0.03","0.90088","1","0.0463285","P5","C17339;C17333;C05466;C17336;C17332;C17331"
"Tryptophan metabolism","41","27","1","1.3797","0.95728","1","1","74","0.74","1","1","1","P6","C05642"
"Sphingolipid metabolism","32","9","1","1.0768","0.64309","1","1","12","0.12","1","1","1","P7","C01747;C03108"
