{
 "pval": [ 1.534112,  1.30921, 1.044731, 0.6532169, 0.6532169, 0.6387634,   0.5752, 0.5106744, 0.420834, 0.4029853, 0.4029853, 0.3986246, 0.3774959, 0.3149214, 0.2755357, 0.2755357, 0.2564275, 0.2507431, 0.2496073, 0.2367892, 0.2367892, 0.1970895, 0.1970895, 0.1970895, 0.1445657, 0.1445657, 0.1376957, 0.1376957, 0.107705, 0.105241, 0.09559284, 0.08107368, 0.08107368, 0.08107368, 0.07950622, 0.06146026, 0.05474812, 0.05225268, 0.0468204, 0.04409107, 0.02851541, 0.02743155, 0.02743155, 0.02289399, 0.02105751, 0.02105751, 0.01401249, 0.001984912, 0.0001085872 ],
"enr": [ 1.793014, 1.290989,  2.64813, 1.290989,  1.84427, 3.073802, 1.912594, 0.6297428, 3.442637, 3.227472, 6.454944, 2.868864, 1.173626, 1.434412, 0.7172058, 0.806842,   2.2041, 1.844338, 1.793014, 2.038459,  1.38319, 0.3310162, 1.613736, 1.613736, 1.434432, 0.3586029, 1.936483, 0.9930487, 0.4164411, 1.536901, 1.173617, 0.4303296, 1.434432, 0.4610632,  1.68388, 0.7594168, 0.5612932, 1.106562, 0.4303296, 0.9221264, 0.9562972, 0.3227472, 0.6454944, 0.7824114, 0.4965243, 0.8606593, 0.4451699, 0.2934014, 0.1898506 ],
"pathnames": [ "Glycerophospholipid metabolism", "Ether lipid metabolism", "Pyrimidine metabolism", "Glycosaminoglycan biosynthesis - chondroitin sulfate / dermatan sulfate", "Thiamine metabolism", "Amino sugar and nucleotide sugar metabolism", "Folate biosynthesis", "N-Glycan biosynthesis", "D-Amino acid metabolism", "Phenylalanine, tyrosine and tryptophan biosynthesis", "Neomycin, kanamycin and gentamicin biosynthesis", "Ascorbate and aldarate metabolism", "Drug metabolism - cytochrome P450", "Starch and sucrose metabolism", "Ubiquinone and other terpenoid-quinone biosynthesis", "Glycerolipid metabolism", "Tryptophan metabolism", "Arginine biosynthesis", "Arginine and proline metabolism", "Pentose and glucuronate interconversions", "Glutathione metabolism", "Fatty acid degradation", "Valine, leucine and isoleucine biosynthesis", "Phenylalanine metabolism", "Vitamin B6 metabolism", "Biosynthesis of unsaturated fatty acids", "Fructose and mannose metabolism", "Drug metabolism - other enzymes", "Porphyrin metabolism", "Tyrosine metabolism", "Cysteine and methionine metabolism", "Lysine degradation", "One carbon pool by folate", "Lipoic acid metabolism", "Pentose phosphate pathway", "Retinol metabolism", "Primary bile acid biosynthesis", "Purine metabolism", "Inositol phosphate metabolism", "Alanine, aspartate and glutamate metabolism", "Galactose metabolism", "Valine, leucine and isoleucine degradation", "Pantothenate and CoA biosynthesis", "Glycine, serine and threonine metabolism", "Glycolysis / Gluconeogenesis", "Nicotinate and nicotinamide metabolism", "Steroid hormone biosynthesis", "Arachidonic acid metabolism", "Metabolism of xenobiotics by cytochrome P450" ] 
}
