{
 "pval": [ 3.676294, 3.260325, 2.739452, 1.148381, 1.054669, 0.7857922, 0.7857922, 0.7394278, 0.6674202, 0.5922183, 0.5922183, 0.5214479, 0.5214191, 0.4086682, 0.3809484, 0.3809484, 0.3480343, 0.290535, 0.290535, 0.290535, 0.2752164, 0.1447232, 0.1447232, 0.1200788, 0.1170601, 0.1170601, 0.1141866, 0.05246825, 0.03555179, 0.03555179, 0.02933705, 0.02673356, 0.01467683 ],
"enr": [  5.38474, 13.12508, 3.674927, 2.333341, 4.200004, 3.500053,   1.2353, 3.652301, 3.315796, 1.399972, 5.250033, 1.050001, 3.073141,      2.5, 0.538474, 5.249895, 2.799983, 2.333341, 0.7500188, 1.166671, 1.544115, 1.499993, 0.5833285, 0.7241304,        1, 0.7500188, 1.166657, 0.7636502, 1.050001, 0.7500188, 0.6363752,      1.5, 0.600006 ],
"pathnames": [ "Pyrimidine metabolism", "Valine, leucine and isoleucine biosynthesis", "Valine, leucine and isoleucine degradation", "Ubiquinone and other terpenoid-quinone biosynthesis", "Pantothenate and CoA biosynthesis", "Phosphonate and phosphinate metabolism", "Mannose type O-glycan biosynthesis", "Pentose phosphate pathway", "Pentose and glucuronate interconversions", "Lysine degradation", "Phenylalanine metabolism", "Ether lipid metabolism", "Tryptophan metabolism", "Tyrosine metabolism", "Fatty acid degradation", "Phenylalanine, tyrosine and tryptophan biosynthesis", "D-Amino acid metabolism", "One carbon pool by folate", "Lipoic acid metabolism", "Terpenoid backbone biosynthesis", "Metabolism of xenobiotics by cytochrome P450", "Arginine biosynthesis", "Glycerophospholipid metabolism", "Steroid hormone biosynthesis", "beta-Alanine metabolism", "Glutathione metabolism", "Arginine and proline metabolism", "Drug metabolism - cytochrome P450", "Fructose and mannose metabolism", "Alanine, aspartate and glutamate metabolism", "Cysteine and methionine metabolism", "Amino sugar and nucleotide sugar metabolism", "Purine metabolism" ] 
}
