{
 "pval": [ 4.261029, 2.283054, 2.004058, 1.405342, 1.316791, 1.001893, 0.845576, 0.6526895, 0.5350338, 0.4655043, 0.4362461, 0.376637, 0.376637, 0.376637, 0.376637, 0.3009084, 0.2931969, 0.2931969, 0.2931969, 0.2786594, 0.2786594, 0.2527358, 0.2426116,  0.24102, 0.230933, 0.2166682, 0.1774854, 0.1774854, 0.172114, 0.172114, 0.1374512, 0.1278029, 0.1100431, 0.09346025, 0.09346025, 0.09346025, 0.05345931, 0.05345931, 0.05285558, 0.0513279, 0.02637807, 0.02158208, 0.02079319, 0.02036514, 0.009204, 0.000534511 ],
"enr": [ 7.179688, 4.340547, 6.889804, 4.852798, 3.838545, 2.543882, 2.254791, 1.937759, 1.328727,  1.37798, 1.033449, 1.550195, 2.066927, 0.6200781, 0.6200781, 1.594501, 0.9301172, 1.240182, 1.617599, 2.480313, 1.653576, 1.550195, 1.771636, 2.480364, 2.214545, 1.377932, 0.3179852, 3.100391, 1.771636, 0.8858181, 1.814882, 1.377961, 1.860234, 1.550195, 0.6889899, 0.7750736, 0.9539709, 0.9186533, 0.9019369, 0.5905628, 0.7515971, 0.2695999, 0.7515971, 0.729501, 0.3179852, 0.1425476 ],
"pathnames": [ "Pentose and glucuronate interconversions", "Citrate cycle (TCA cycle)", "Ascorbate and aldarate metabolism", "Pentose phosphate pathway", "Amino sugar and nucleotide sugar metabolism", "Pyrimidine metabolism", "Propanoate metabolism", "Glyoxylate and dicarboxylate metabolism", "Lipoic acid metabolism", "Ubiquinone and other terpenoid-quinone biosynthesis", "Glycerophospholipid metabolism", "Taurine and hypotaurine metabolism", "Phosphonate and phosphinate metabolism", "Selenocompound metabolism", "Ether lipid metabolism", "Purine metabolism", "Valine, leucine and isoleucine degradation", "Inositol phosphate metabolism", "Pyruvate metabolism", "Caffeine metabolism", "Butanoate metabolism", "Sulfur metabolism", "Tyrosine metabolism", "D-Amino acid metabolism", "Alanine, aspartate and glutamate metabolism", "Arginine and proline metabolism", "Fatty acid degradation", "Phenylalanine, tyrosine and tryptophan biosynthesis", "Arginine biosynthesis", "Glutathione metabolism", "Tryptophan metabolism", "One carbon pool by folate", "Fructose and mannose metabolism", "Phenylalanine metabolism", "Starch and sucrose metabolism", "Glycerolipid metabolism", "Glycolysis / Gluconeogenesis", "Galactose metabolism", "Drug metabolism - cytochrome P450", "beta-Alanine metabolism", "Cysteine and methionine metabolism", "Primary bile acid biosynthesis", "Glycine, serine and threonine metabolism", "Metabolism of xenobiotics by cytochrome P450", "Drug metabolism - other enzymes", "Steroid hormone biosynthesis" ] 
}
