{
 "pval": [  19.8165, 1.353567, 1.038831, 0.647393, 0.5665982, 0.1917282, 0.01896101 ],
"enr": [ 9.564148, 5.244205,  1.44959, 2.701607,  1.93811, 0.9286776, 0.7247952 ],
"pathnames": [ "Steroid hormone biosynthesis", "Retinol metabolism", "Steroid biosynthesis", "Arachidonic acid metabolism", "Primary bile acid biosynthesis", "Sphingolipid metabolism", "Tryptophan metabolism" ] 
}
