{
 "pval": [ 2.236108, 2.087985, 1.155163, 0.9020489, 0.7894407, 0.778325, 0.5247502, 0.5247502, 0.3839658, 0.3839658, 0.3839343, 0.3525681, 0.2467771, 0.2295678, 0.1825536, 0.1825536,  0.14674, 0.1403694, 0.1188779, 0.1188779, 0.07925074, 0.07359581, 0.06926995, 0.05353791, 0.04628862, 0.03693502, 0.03645299, 0.0249268 ],
"enr": [  5.05459, 3.014318, 5.180944, 2.302635, 0.505459, 3.108551, 0.5313779, 2.072367, 0.5313779,  5.18081, 2.125511, 1.480275, 1.973652, 2.302609, 2.590472, 0.9010633, 0.7401377, 1.219029, 1.480253, 0.5756721, 0.7675186, 1.151344, 1.973652, 0.5313779, 0.476406, 0.8881521, 1.381578, 0.7401377 ],
"pathnames": [ "Tryptophan metabolism", "Drug metabolism - cytochrome P450", "Sulfur metabolism", "Ubiquinone and other terpenoid-quinone biosynthesis", "Steroid biosynthesis", "Pantothenate and CoA biosynthesis", "Fatty acid elongation", "Biotin metabolism", "Fatty acid degradation", "Phenylalanine, tyrosine and tryptophan biosynthesis", "Pyrimidine metabolism", "Glutathione metabolism", "Tyrosine metabolism", "Vitamin B6 metabolism", "Phenylalanine metabolism", "Pyruvate metabolism", "Lipoic acid metabolism", "Metabolism of xenobiotics by cytochrome P450", "Arginine biosynthesis", "Glycerophospholipid metabolism", "Folate biosynthesis", "Arginine and proline metabolism", "Amino sugar and nucleotide sugar metabolism", "Drug metabolism - other enzymes", "Steroid hormone biosynthesis", "Purine metabolism", "D-Amino acid metabolism", "Alanine, aspartate and glutamate metabolism" ] 
}
