{
 "pval": [ 2.641799, 2.214364, 1.900976, 1.463164, 1.406437, 0.935542, 0.7105671, 0.551201, 0.4972316, 0.4972316, 0.4972316, 0.457187, 0.454223, 0.454223, 0.3775166, 0.3590914, 0.3590914, 0.3590914, 0.3590914, 0.3269699, 0.3156844, 0.2708676, 0.2708676, 0.2651442, 0.2094404, 0.1645314, 0.1645314, 0.1645314, 0.1645314, 0.1596116, 0.1503288, 0.1351687, 0.1351687, 0.1306509, 0.114554, 0.1051248, 0.1045554, 0.1045554, 0.08414131, 0.06981025, 0.06455824, 0.05916986, 0.05512762, 0.05012717, 0.04479828, 0.04479828, 0.03036979, 0.01539619, 0.007693964 ],
"enr": [ 4.456725,  6.77392,  4.83871, 2.419404, 1.239157, 4.417937, 3.629018, 2.258075,  2.11694, 0.8467401, 8.467401, 1.693576, 3.763431, 1.881645,  2.11694,  4.23388,  1.05847, 1.693537, 2.822547, 1.881733, 0.9408665, 0.4342351, 1.302728, 0.8261049, 1.881715, 0.9408223,  2.11694, 0.5462988, 0.9408223, 0.8684702, 1.302705, 1.302762, 2.258075, 0.5645252, 1.254469, 1.209687, 0.8064516, 0.7363228, 1.129038, 1.026378, 0.7471608, 1.209702, 0.8467401, 0.6158394, 0.423388, 0.5292405, 0.8064516, 0.8261049, 0.3893247 ],
"pathnames": [ "Pentose and glucuronate interconversions", "Fructose and mannose metabolism", "Amino sugar and nucleotide sugar metabolism", "Glutathione metabolism", "N-Glycan biosynthesis", "Pentose phosphate pathway", "Arginine biosynthesis", "Butanoate metabolism", "Taurine and hypotaurine metabolism", "Selenocompound metabolism", "Neomycin, kanamycin and gentamicin biosynthesis", "Inositol phosphate metabolism", "Ascorbate and aldarate metabolism", "Starch and sucrose metabolism", "Histidine metabolism", "Phenylalanine, tyrosine and tryptophan biosynthesis", "Glycerolipid metabolism", "Biotin metabolism", "Nitrogen metabolism", "Arginine and proline metabolism", "Glycerophospholipid metabolism", "Fatty acid degradation", "alpha-Linolenic acid metabolism", "Steroid biosynthesis", "One carbon pool by folate", "Ubiquinone and other terpenoid-quinone biosynthesis", "Phenylalanine metabolism", "Porphyrin metabolism", "Terpenoid backbone biosynthesis", "Drug metabolism - other enzymes", "Pyrimidine metabolism", "Glycolysis / Gluconeogenesis", "D-Amino acid metabolism", "Lysine degradation", "Galactose metabolism", "Purine metabolism", "beta-Alanine metabolism", "Pyruvate metabolism", "Nicotinate and nicotinamide metabolism", "Cysteine and methionine metabolism", "Metabolism of xenobiotics by cytochrome P450", "Alanine, aspartate and glutamate metabolism", "Pantothenate and CoA biosynthesis", "Drug metabolism - cytochrome P450", "Valine, leucine and isoleucine degradation", "Glyoxylate and dicarboxylate metabolism", "Tyrosine metabolism", "Tryptophan metabolism", "Steroid hormone biosynthesis" ] 
}
