{
 "pval": [ 5.573814, 5.213611, 4.735678, 3.952336, 3.295301, 1.339913, 1.195125, 0.9817573, 0.6291909, 0.5487664, 0.533889, 0.533889, 0.4163592, 0.412828, 0.2676706, 0.2163822, 0.2163822, 0.2157894, 0.2072092, 0.2072092, 0.1627462, 0.1585091, 0.09029959, 0.08748037, 0.08748037, 0.08748037, 0.0669077, 0.0669077, 0.0669077, 0.05143056, 0.05143056, 0.05143056, 0.03967671, 0.03967671, 0.02377845, 0.02377845, 0.02377845, 0.01719979, 0.01112458, 0.009585661, 0.008645428, 0.008645428, 0.001474759 ],
"enr": [ 6.102877,  5.14152,  6.12711, 5.514337, 7.519551, 10.02607, 4.177458, 3.084992, 2.005214, 1.432295, 2.864591, 2.864591, 5.013034, 1.856665, 0.7161528, 1.307759, 1.156872, 0.9548818, 0.2864591, 2.506517, 0.8846556, 1.028304, 1.074229, 1.002607, 0.5897617, 0.7161272, 0.6266449, 0.7161272, 0.5276766, 0.5013034,  0.55701, 0.3856239, 0.2506517, 0.5276766, 0.2864591, 0.6684045, 0.3234257, 0.7336219, 0.2331655, 0.7161443, 0.3342023, 0.2864591, 0.1152419 ],
"pathnames": [ "Pentose phosphate pathway", "Amino sugar and nucleotide sugar metabolism", "Pentose and glucuronate interconversions", "Fructose and mannose metabolism", "Ascorbate and aldarate metabolism", "Neomycin, kanamycin and gentamicin biosynthesis", "Starch and sucrose metabolism", "Glycerophospholipid metabolism", "Butanoate metabolism", "Purine metabolism", "Ubiquinone and other terpenoid-quinone biosynthesis", "Glycerolipid metabolism", "Ether lipid metabolism", "Galactose metabolism", "Drug metabolism - other enzymes", "Glycolysis or Gluconeogenesis", "One carbon pool by folate", "Inositol phosphate metabolism", "Fatty acid degradation", "Phenylalanine, tyrosine and tryptophan biosynthesis", "Metabolism of xenobiotics by cytochrome P450", "Pyrimidine metabolism", "Alanine, aspartate and glutamate metabolism", "Caffeine metabolism", "Lipoic acid metabolism", "Terpenoid backbone biosynthesis", "Citrate cycle (TCA cycle)", "Arginine biosynthesis", "Propanoate metabolism", "Pyruvate metabolism", "Pantothenate and CoA biosynthesis", "Folate biosynthesis", "Steroid biosynthesis", "Glutathione metabolism", "Valine, leucine and isoleucine degradation", "D-Amino acid metabolism", "Glyoxylate and dicarboxylate metabolism", "Tryptophan metabolism", "Drug metabolism - cytochrome P450", "Tyrosine metabolism", "Glycine, serine and threonine metabolism", "Arginine and proline metabolism", "Steroid hormone biosynthesis" ] 
}
