{
 "pval": [ 1.903716, 1.860436, 1.282629, 1.103353, 0.7327579, 0.7327579, 0.6665326, 0.6665326, 0.6665326, 0.5150883, 0.5150883, 0.4395912, 0.4295505, 0.4143137, 0.2850921, 0.2408612, 0.2334384, 0.2051078, 0.1800154, 0.1757179, 0.1757179, 0.1512445, 0.1453539, 0.1453539, 0.1306685, 0.1306685, 0.113233, 0.113233, 0.113233, 0.0983619, 0.08561453, 0.08561453, 0.08561453, 0.06516838, 0.05695584, 0.04362024, 0.02575551, 0.006105467 ],
"enr": [ 3.017274, 5.298715, 9.051685, 3.481409, 1.697217, 1.939676, 4.525911, 1.357755, 3.394433, 1.508614, 6.788866, 1.939676,  1.59738, 1.697188, 3.394433, 2.715547, 2.586151, 1.810348, 1.939676, 1.357755, 1.939638, 1.180665, 2.011486, 0.9874593, 1.508614, 0.8486083,  1.04443, 0.5903188, 0.6962819, 1.429225, 0.8229098, 1.810348, 1.005743, 1.357755, 1.180665, 0.7543185, 0.6465378, 0.3879277 ],
"pathnames": [ "Glycerophospholipid metabolism", "Tryptophan metabolism", "Ascorbate and aldarate metabolism", "Pyrimidine metabolism", "Sphingolipid metabolism", "Lipoic acid metabolism", "Phosphonate and phosphinate metabolism", "Ether lipid metabolism", "Sulfur metabolism", "Ubiquinone and other terpenoid-quinone biosynthesis", "Phenylalanine, tyrosine and tryptophan biosynthesis", "Glutathione metabolism", "Metabolism of xenobiotics by cytochrome P450", "Glycerolipid metabolism", "Phenylalanine metabolism", "Caffeine metabolism", "Amino sugar and nucleotide sugar metabolism", "Butanoate metabolism", "Alanine, aspartate and glutamate metabolism", "Citrate cycle (TCA cycle)", "Arginine biosynthesis", "Pyruvate metabolism", "Galactose metabolism", "Drug metabolism - cytochrome P450", "Starch and sucrose metabolism", "Glyoxylate and dicarboxylate metabolism", "Glycolysis / Gluconeogenesis", "Primary bile acid biosynthesis", "Drug metabolism - other enzymes", "Pentose and glucuronate interconversions", "Glycine, serine and threonine metabolism", "D-Amino acid metabolism", "Folate biosynthesis", "Fructose and mannose metabolism", "Pentose phosphate pathway", "Arginine and proline metabolism", "Tyrosine metabolism", "Purine metabolism" ] 
}
