{
 "pval": [ 2.159938, 1.441928, 1.109221, 0.8993538, 0.8993538, 0.726235, 0.719786, 0.6723142, 0.637461, 0.6318805, 0.5657505, 0.4898573, 0.4021403, 0.4021403, 0.3387838, 0.3136855, 0.3136855, 0.2747501, 0.2747501, 0.2495765, 0.1995785, 0.1995785, 0.1963722, 0.1963722, 0.1963722, 0.1601325, 0.1364511, 0.1071155, 0.1071155, 0.1071155, 0.1036336, 0.06719658, 0.05408356, 0.02711246, 0.02521667, 0.02521667, 0.01224438, 0.0114678, 0.00722122, 0.00722122, 0.003869378 ],
"enr": [ 3.183615, 4.079024,    3.347, 5.438625,  3.10781, 4.079024, 1.977718, 1.553881, 1.673453, 2.071895, 1.264798,  1.67343, 5.438625, 5.438625, 0.932343, 1.208605, 1.145016, 0.310781, 1.553905, 2.175474, 1.145016, 1.035947, 0.6798559, 1.359675, 0.7251632, 1.208605, 1.418775, 0.5179737, 0.906454, 0.6398362, 0.9458501, 1.087725, 0.7769404, 0.7251632, 0.621562, 0.6398464, 0.4028684, 0.2500531, 0.3625816, 0.310781, 0.8367267 ],
"pathnames": [ "Tryptophan metabolism", "Valine, leucine and isoleucine biosynthesis", "Glycerophospholipid metabolism", "Phenylalanine, tyrosine and tryptophan biosynthesis", "Glycerolipid metabolism", "Phenylalanine metabolism", "Cysteine and methionine metabolism", "Drug metabolism - other enzymes", "Pyrimidine metabolism", "Tyrosine metabolism", "Drug metabolism - cytochrome P450", "One carbon pool by folate", "Neomycin, kanamycin and gentamicin biosynthesis", "Ether lipid metabolism", "Valine, leucine and isoleucine degradation", "Pentose and glucuronate interconversions", "Propanoate metabolism", "Fatty acid degradation", "Ubiquinone and other terpenoid-quinone biosynthesis", "Caffeine metabolism", "Glutathione metabolism", "Inositol phosphate metabolism", "Citrate cycle (TCA cycle)", "Ascorbate and aldarate metabolism", "Butanoate metabolism", "Pantothenate and CoA biosynthesis", "Pentose phosphate pathway", "Lysine degradation", "Starch and sucrose metabolism", "Lipoic acid metabolism", "Glycolysis or Gluconeogenesis", "Fructose and mannose metabolism", "Alanine, aspartate and glutamate metabolism", "D-Amino acid metabolism", "Purine metabolism", "Metabolism of xenobiotics by cytochrome P450", "Galactose metabolism", "Steroid hormone biosynthesis", "Glycine, serine and threonine metabolism", "Arginine and proline metabolism", "Amino sugar and nucleotide sugar metabolism" ] 
}
