{
 "pval": [ 3.383766, 3.099011, 2.941384, 1.447953, 1.150218, 1.028455, 0.9849757, 0.9766652, 0.8645175, 0.7840454, 0.6317131, 0.6278985, 0.4961821, 0.4898841, 0.4639595, 0.4639595, 0.4034799, 0.3897765, 0.3292348, 0.3095824, 0.1856592, 0.1856592, 0.1856592, 0.1562068, 0.1434101, 0.1434101, 0.1301642, 0.1301642, 0.1119666, 0.1119666, 0.09055095, 0.08807041, 0.05530517, 0.01442534, 0.006691652, 0.00157064, 0.0004084288 ],
"enr": [ 5.461496, 2.822547, 5.056992, 12.13666, 2.311738, 0.6935294, 3.111969, 2.247595, 2.110707, 3.467647, 1.916321, 2.072171, 3.034211, 1.555984, 0.4334634, 1.517105, 3.034211, 2.110707, 3.034165, 1.444878, 1.348545, 0.8669267, 0.3371317, 0.5276906, 0.3034165, 0.6068329, 1.348527, 0.7355645, 0.7139287, 0.7585527, 0.9336196, 0.4334634, 0.6742634, 0.4045635, 0.3569644, 0.1395031, 0.1733823 ],
"pathnames": [ "Fructose and mannose metabolism", "Drug metabolism - cytochrome P450", "Starch and sucrose metabolism", "Neomycin, kanamycin and gentamicin biosynthesis", "Inositol phosphate metabolism", "Fatty acid degradation", "Amino sugar and nucleotide sugar metabolism", "Galactose metabolism", "Glycolysis or Gluconeogenesis", "Ubiquinone and other terpenoid-quinone biosynthesis", "Glutathione metabolism", "Tryptophan metabolism", "Phenylalanine metabolism", "Pyrimidine metabolism", "Fatty acid elongation", "Sulfur metabolism", "Ascorbate and aldarate metabolism", "Pentose phosphate pathway", "Phenylalanine, tyrosine and tryptophan biosynthesis", "Tyrosine metabolism", "Vitamin B6 metabolism", "Terpenoid backbone biosynthesis", "Biosynthesis of unsaturated fatty acids", "Primary bile acid biosynthesis", "Steroid biosynthesis", "Pyruvate metabolism", "Pentose and glucuronate interconversions", "Cysteine and methionine metabolism", "Lipoic acid metabolism", "Retinol metabolism", "One carbon pool by folate", "Drug metabolism - other enzymes", "Pantothenate and CoA biosynthesis", "Glycine, serine and threonine metabolism", "Metabolism of xenobiotics by cytochrome P450", "Steroid hormone biosynthesis", "Purine metabolism" ] 
}
